out2020-02-05_14-02-29.mp4_part00,N
out2020-02-05_14-02-29.mp4_part01,N
out2020-02-05_14-02-29.mp4_part02,N
out2020-02-05_14-02-29.mp4_part03,N
out2020-02-05_14-02-29.mp4_part04,N
out2020-02-05_14-02-29.mp4_part05,N
out2020-02-05_14-02-29.mp4_part06,N
out2020-02-05_14-02-29.mp4_part07,N
out2020-02-05_14-02-29.mp4_part08,N
out2020-02-05_14-02-29.mp4_part09,N
out2020-02-05_14-02-29.mp4_part10,N
out2020-02-05_14-02-29.mp4_part11,N
out2020-02-05_14-02-29.mp4_part12,N
out2020-02-05_14-02-29.mp4_part13,N
out2020-02-05_14-02-29.mp4_part14,N
out2020-02-05_14-02-29.mp4_part15,N
out2020-02-05_14-02-29.mp4_part16,N
out2020-02-05_14-02-29.mp4_part17,N
out2020-02-05_14-02-29.mp4_part18,N
out2020-02-05_14-02-29.mp4_part19,N
out2020-02-05_14-02-29.mp4_part20,N
out2020-02-05_14-02-29.mp4_part21,N
out2020-02-05_14-02-29.mp4_part22,N
out2020-02-05_14-02-29.mp4_part23,N
out2020-02-05_14-02-29.mp4_part24,N
out2020-02-05_14-02-29.mp4_part25,N
out2020-02-05_14-02-29.mp4_part26,N
out2020-02-05_14-02-29.mp4_part27,N
out2020-02-05_14-02-29.mp4_part28,N
out2020-02-05_14-02-29.mp4_part29,N
out2020-02-05_14-02-29.mp4_part30,N
out2020-02-05_14-02-29.mp4_part31,N
out2020-02-05_14-02-29.mp4_part32,N
out2020-02-05_14-02-29.mp4_part33,N
out2020-02-05_14-02-29.mp4_part34,N
out2020-02-05_14-02-29.mp4_part35,N
out2020-02-05_14-02-29.mp4_part36,N
out2020-02-05_14-02-29.mp4_part37,N
out2020-02-05_14-02-29.mp4_part38,N
out2020-02-05_14-02-29.mp4_part39,N